trial_num,move_times,elbow_start_volts,elbow_start_pix,elbow_start_cm,elbow_start_deg,elbow_end_volts,elbow_end_pix,elbow_end_cm,elbow_end_deg,cursor_end_pix,curs_end_cm,curs_end_deg,mean_velocity,error,block,trial_delay,target_cm,target_deg,target_pix,rt
2,1.0521592000004603,4.195123000856256,-1696.6295519210435,-52.81822603112453,73.2610979226049,3.5809575852763373,-103.84825858465464,-3.232927770621679,115.85520995220205,-103.84825858465464,-3.232927770621679,115.85520995220205,40.48257338773306,-1.996065105264762,Testing,1.141,-0.9092384418440096,117.85127505746681,-29.206600185060136,0.6157638999993651
