trial_num,move_times,elbow_start_volts,elbow_start_pix,elbow_start_cm,elbow_start_deg,elbow_end_volts,elbow_end_pix,elbow_end_cm,elbow_end_deg,cursor_end_pix,curs_end_cm,curs_end_deg,mean_velocity,error,block,trial_delay,target_cm,target_deg,target_pix,rt
5,0.5941021000007822,4.1912562721117865,-1686.5996442307624,-52.50598230599505,73.52931742869379,3.5526015744835604,-28.057429834174172,-0.8734633138718274,117.88200613829468,-28.057429834174172,-0.8734633138718274,117.88200613829468,74.65499399773624,0.3452871242892286,Testing,1.15,-1.2754241537056794,117.53671901400546,-40.96923492159306,0.3730195999996795
