trial_num,move_times,elbow_start_volts,elbow_start_pix,elbow_start_cm,elbow_start_deg,elbow_end_volts,elbow_end_pix,elbow_end_cm,elbow_end_deg,cursor_end_pix,curs_end_cm,curs_end_deg,mean_velocity,error,block,trial_delay,target_cm,target_deg,target_pix,rt
4,0.7041145000002871,4.193834091274766,-1693.2862493576158,-52.71414478941468,73.35050442463455,3.6260694206284825,-219.25873795645776,-6.8258021131192885,112.76890619642711,-219.25873795645776,-6.8258021131192885,112.76890619642711,55.982942790947334,-5.360416727968044,Testing,1.082,-0.5855531774873204,118.12932292439515,-18.80916683117735,0.41081579999990936
