trial_num,move_times,elbow_start_volts,elbow_start_pix,elbow_start_cm,elbow_start_deg,elbow_end_volts,elbow_end_pix,elbow_end_cm,elbow_end_deg,cursor_end_pix,curs_end_cm,curs_end_deg,mean_velocity,error,block,trial_delay,target_cm,target_deg,target_pix,rt
6,1.0939299999990908,4.192867409088649,-1690.7787724350455,-52.63608385813232,73.41755930115676,3.520378834946314,55.01123531710727,1.7125694044055946,120.10342601835325,55.01123531710727,1.7125694044055946,120.10342601835325,42.67719755124669,-0.9390798044520068,Testing,1.068,2.8057851090037254,121.04250582280525,90.12756182819447,0.4563649000010628
