trial_num,move_times,elbow_start_volts,elbow_start_pix,elbow_start_cm,elbow_start_deg,elbow_end_volts,elbow_end_pix,elbow_end_cm,elbow_end_deg,cursor_end_pix,curs_end_cm,curs_end_deg,mean_velocity,error,block,trial_delay,target_cm,target_deg,target_pix,rt
6,0.7241054999994958,4.1919007269025315,-1688.271295512477,-52.55802292685,73.48461417767902,3.491378369362792,130.49136678712262,4.062361461444925,122.1219135466115,130.49136678712262,4.062361461444925,122.1219135466115,67.1688025694686,0.7475180771326393,Testing,0.97,3.1921494757135935,121.37439546947886,102.5383762690835,0.38498580000032234
