trial_num,move_times,elbow_start_volts,elbow_start_pix,elbow_start_cm,elbow_start_deg,elbow_end_volts,elbow_end_pix,elbow_end_cm,elbow_end_deg,cursor_end_pix,curs_end_cm,curs_end_deg,mean_velocity,error,block,trial_delay,target_cm,target_deg,target_pix,rt
5,1.0965773000007175,4.193189636484021,-1691.614598075903,-52.66210416855979,73.39520767564937,3.564201760716969,-58.64700011266654,-1.8257553656841894,117.06398072022233,-58.64700011266654,-1.8257553656841894,117.06398072022233,39.8227950227899,-0.49547092549119043,Testing,1.282,-1.2489603006100078,117.55945164571352,-40.119161782193125,0.6905191999994713
