trial_num,move_times,elbow_start_volts,elbow_start_pix,elbow_start_cm,elbow_start_deg,elbow_end_volts,elbow_end_pix,elbow_end_cm,elbow_end_deg,cursor_end_pix,curs_end_cm,curs_end_deg,mean_velocity,error,block,trial_delay,target_cm,target_deg,target_pix,rt
3,0.9893556999995781,4.1912562721117865,-1686.5996442307624,-52.50598230599505,73.52931742869379,3.5126453774573747,75.62375916767577,2.354263369112593,120.65464554471066,75.62375916767577,2.354263369112593,120.65464554471066,47.632341043809596,1.261140525268445,Testing,1.174,0.8861254947887387,119.39350501944222,28.46416500780047,0.5629079999998794
