trial_num,move_times,elbow_start_volts,elbow_start_pix,elbow_start_cm,elbow_start_deg,elbow_end_volts,elbow_end_pix,elbow_end_cm,elbow_end_deg,cursor_end_pix,curs_end_cm,curs_end_deg,mean_velocity,error,block,trial_delay,target_cm,target_deg,target_pix,rt
3,0.8440952000000834,4.192545181693276,-1689.94294679419,-52.6100635477049,73.4399109266642,3.541968070436269,-0.1865236242410342,-0.005806716577671612,118.62732911919537,-0.1865236242410342,-0.005806716577671612,118.62732911919537,53.53355663262474,-0.15116666999091422,Testing,0.922,0.17017170065843645,118.77849578918628,5.466263408158201,0.9196907999994437
