trial_num,move_times,elbow_start_volts,elbow_start_pix,elbow_start_cm,elbow_start_deg,elbow_end_volts,elbow_end_pix,elbow_end_cm,elbow_end_deg,cursor_end_pix,curs_end_cm,curs_end_deg,mean_velocity,error,block,trial_delay,target_cm,target_deg,target_pix,rt
1,0.7941333999997369,4.194800773460884,-1695.793726280186,-52.792205720697055,73.28344954811234,3.4481998983828817,242.78686342028647,7.558262447451007,125.1249165226152,242.78686342028647,7.558262447451007,125.1249165226152,65.28055232851311,3.537388541470591,Testing,1.128,3.440264500452522,121.5875279811446,110.50833881571705,0.43423950000033074
