trial_num,move_times,elbow_start_volts,elbow_start_pix,elbow_start_cm,elbow_start_deg,elbow_end_volts,elbow_end_pix,elbow_end_cm,elbow_end_deg,cursor_end_pix,curs_end_cm,curs_end_deg,mean_velocity,error,block,trial_delay,target_cm,target_deg,target_pix,rt
2,0.7103925999999774,4.192222954297904,-1689.1071211533326,-52.58404323727741,73.46226255217158,3.560657259367872,-49.19696358063973,-1.5315637638782318,117.31669332829537,-49.19696358063973,-1.5315637638782318,117.31669332829537,61.73266835285895,-3.4389377898621944,Testing,1.154,2.471824213576122,120.75563111815757,79.40005416758889,0.5367466999996395
