trial_num,move_times,elbow_start_volts,elbow_start_pix,elbow_start_cm,elbow_start_deg,elbow_end_volts,elbow_end_pix,elbow_end_cm,elbow_end_deg,cursor_end_pix,curs_end_cm,curs_end_deg,mean_velocity,error,block,trial_delay,target_cm,target_deg,target_pix,rt
4,0.94006889999946,4.193189636484021,-1691.614598075903,-52.66210416855979,73.39520767564937,3.5490570731344633,-19.65163206105703,-0.6117801867273545,118.10679374318698,-19.65163206105703,-0.6117801867273545,118.10679374318698,47.56203089748347,-0.24561028173022237,Testing,1.294,-0.32585665187404933,118.3524040249172,-10.467182766300663,0.4402843000007124
